{"mean": [228.36066666666667, 19.618043862216958, 4.207738349665022, 0.7999999999999999, 1.2, 11.0, 1000.0, 0.8009740541180351, 28.443408751972516, 107.26847309830455, 14.664653856350139, 2.643620436735179, 1.1991217042074716, 63.97362489290222, 11.06996346506585, 77.51653946506214, 8.976260206259465, 10.999833905268668], "scale": [140.06111494471105, 1.6114636281877097, 0.6752886108205196, 1.0, 1.0, 1.0, 1.0, 0.01626893143726936, 0.569861149160734, 1.5320301972985926, 0.9322500746718921, 0.20308200066804283, 0.031170713564098045, 1.643071628235402, 0.8215066757582123, 1.8857837426297803, 0.4701339337814803, 0.2635684789557571]}